# sf_symbol	material_symbol	fill
1.circle.fill	counter_1	1
2.circle.fill	counter_2	1
3.circle.fill	counter_3	1
4.circle.fill	counter_4	1
allergens.fill	allergy	1
applewatch	watch	0
archivebox	inventory_2	0
archivebox.fill	inventory_2	1
arrow.clockwise	refresh	0
arrow.clockwise.icloud	cloud_sync	0
arrow.down.circle	arrow_circle_down	0
arrow.down.circle.fill	arrow_circle_down	1
arrow.down.doc	download	0
arrow.down.left.and.arrow.up.right	open_in_full	0
arrow.down.right	south_east	0
arrow.down.right.and.arrow.up.left	close_fullscreen	0
arrow.down.right.circle	arrow_circle_right	0
arrow.down.to.line	vertical_align_bottom	0
arrow.right	arrow_forward	0
arrow.right.arrow.left	swap_horiz	0
arrow.triangle.2.circlepath	sync	0
arrow.triangle.branch	call_split	0
arrow.triangle.merge	merge	0
arrow.trianglehead.branch	call_split	0
arrow.turn.down.right	subdirectory_arrow_right	0
arrow.up	arrow_upward	0
arrow.up.arrow.down	swap_vert	0
arrow.up.backward.and.arrow.down.forward	open_in_full	0
arrow.up.circle.fill	arrow_circle_up	1
arrow.up.doc	upload_file	0
arrow.up.forward	north_east	0
arrow.up.forward.app	open_in_new	0
arrow.up.forward.circle	arrow_outward	0
arrow.up.left.and.arrow.down.right	open_in_full	0
arrow.up.right	north_east	0
arrow.up.right.square	open_in_new	0
arrow.up.to.line	vertical_align_top	0
arrow.uturn.backward	undo	0
atom	science	0
bandage.fill	healing	1
barcode	barcode	0
barcode.viewfinder	barcode_scanner	0
battery.75	battery_5_bar	0
bed.double.fill	bed	1
bell	notifications	0
bell.badge	notifications_unread	0
bell.fill	notifications	1
bell.slash	notifications_off	0
bell.slash.fill	notifications_off	1
bolt	bolt	0
bolt.fill	bolt	1
bolt.heart	ecg_heart	0
book	menu_book	0
book.closed	book	0
books.vertical	library_books	0
brain.fill	neurology	1
brain.head.profile	psychology	0
brain.head.profile.fill	psychology	1
bubble.left.and.bubble.right.fill	forum	1
building.columns	account_balance	0
calendar	calendar_today	0
calendar.badge.clock	event_upcoming	0
calendar.badge.minus	event_busy	0
calendar.day.timeline.left	view_timeline	0
camera	photo_camera	0
camera.fill	photo_camera	1
capsule	pill	0
carrot	nutrition	0
cart	shopping_cart	0
cellularbars	signal_cellular_alt	0
character.book.closed	dictionary	0
character.bubble	translate	0
chart.bar	bar_chart	0
chart.bar.fill	bar_chart	1
chart.line.downtrend.xyaxis	trending_down	0
chart.line.flattrend.xyaxis	trending_flat	0
chart.line.uptrend.xyaxis	trending_up	0
chart.xyaxis.line	show_chart	0
checkmark	check	0
checkmark.bubble	mark_chat_read	0
checkmark.circle	check_circle	0
checkmark.circle.fill	check_circle	1
checkmark.seal	verified	0
checkmark.seal.fill	verified	1
checkmark.shield	verified_user	0
chevron.down	expand_more	0
chevron.forward	chevron_right	0
chevron.left	chevron_left	0
chevron.left.forwardslash.chevron.right	code	0
chevron.right	chevron_right	0
chevron.up	expand_less	0
circle	circle	0
circle.bottomhalf.filled	radio_button_partial	0
circle.dashed	motion_photos_off	0
circle.dotted	radio_button_unchecked	0
circle.fill	circle	1
circle.hexagongrid	hive	0
circle.lefthalf.filled	contrast	0
clock	schedule	0
clock.arrow.2.circlepath	history	0
clock.arrow.circlepath	history	0
clock.badge.exclamationmark	schedule	0
clock.badge.questionmark	schedule	0
cloud.fog.fill	foggy	1
cross.case	medical_services	0
cross.case.fill	medical_services	1
cross.fill	emergency	1
cross.vial	labs	0
cup.and.saucer	coffee	0
curlybraces	data_object	0
cylinder.split.1x2	database	0
diamond.fill	diamond	1
doc.on.doc	content_copy	0
doc.plaintext	description	0
doc.richtext	article	0
doc.text	description	0
doc.text.magnifyingglass	plagiarism	0
dock.rectangle	tabs	0
dot.radiowaves.up.forward	sensors	0
drop	water_drop	0
drop.fill	water_drop	1
ellipsis	more_horiz	0
ellipsis.circle	more_horiz	0
ellipsis.circle.fill	more_horiz	1
exclamationmark.arrow.circlepath	sync_problem	0
exclamationmark.circle	error	0
exclamationmark.circle.fill	error	1
exclamationmark.icloud	cloud_off	0
exclamationmark.triangle	warning	0
exclamationmark.triangle.fill	warning	1
externaldrive	hard_drive	0
eye.fill	visibility	1
eyedropper.halffull	colorize	0
face.smiling	mood	0
figure.stand	accessibility_new	0
figure.walk	directions_walk	0
flame.fill	local_fire_department	1
flask	science	0
flask.fill	science	1
folder	folder	0
folder.badge.plus	create_new_folder	0
fork.knife	restaurant	0
function	function	0
gauge.with.dots.needle.33percent	speed	0
gauge.with.needle	speed	0
gear	settings	0
gearshape	settings	0
graduationcap.fill	school	1
hand.draw	gesture	0
hand.raised	front_hand	0
hand.raised.fill	front_hand	1
hand.tap	touch_app	0
heart.fill	favorite	1
heart.text.clipboard	clinical_notes	0
heart.text.square	monitor_heart	0
heart.text.square.fill	monitor_heart	1
hexagon	hexagon	0
hourglass	hourglass_empty	0
icloud	cloud	0
icloud.fill	cloud	1
info.circle	info	0
internaldrive	hard_drive	0
iphone	smartphone	0
iphone.slash	mobile_off	0
key	key	0
key.horizontal	key	0
leaf	eco	0
leaf.fill	eco	1
lifepreserver	support	0
light.min	light_mode	0
line.3.horizontal.decrease	filter_list	0
line.3.horizontal.decrease.circle	filter_list	0
link.circle.fill	link	1
list.bullet.rectangle	list_alt	0
list.clipboard	assignment	0
list.number	format_list_numbered	0
location.fill	location_on	1
location.slash	location_off	0
lock.doc	lock	0
lock.fill	lock	1
lock.shield	shield_lock	0
lungs.fill	pulmonology	1
magnifyingglass	search	0
mappin.and.ellipse	location_on	0
mappin.circle.fill	location_on	1
message.fill	chat	1
microbe.fill	microbiology	1
minus	remove	0
minus.circle	do_not_disturb_on	0
minus.circle.fill	do_not_disturb_on	1
moon	dark_mode	0
moon.fill	dark_mode	1
moon.stars	bedtime	0
moon.zzz	bedtime	0
moon.zzz.fill	bedtime	1
mug	local_cafe	0
mug.fill	local_cafe	1
music.note	music_note	0
nosign	block	0
note.text	sticky_note_2	0
note.text.badge.plus	note_add	0
number	tag	0
paintbrush	brush	0
paintpalette	palette	0
paintpalette.fill	palette	1
pawprint.fill	pets	1
pencil	edit	0
pencil.tip.crop.circle	draw	0
pentagon.fill	pentagon	1
person.2	group	0
person.2.fill	group	1
person.crop.circle.fill	account_circle	1
person.fill	person	1
person.fill.questionmark	person_search	1
person.fill.viewfinder	frame_person	1
phone.badge.waveform.fill	phone_in_talk	1
phone.fill	call	1
photo	image	0
photo.on.rectangle.angled	photo_library	0
pill	pill	0
pill.fill	pill	1
pills	medication	0
pills.circle	medication	0
pills.fill	pill	1
pin	push_pin	0
plus	add	0
plus.circle	add_circle	0
plus.circle.fill	add_circle	1
point.topleft.down.to.point.bottomright.curvepath	route	0
questionmark.circle	help	0
quote.bubble	format_quote	0
quote.opening	format_quote	0
rectangle.portrait.on.rectangle.portrait	filter_none	0
refrigerator	kitchen	0
repeat	repeat	0
ruler	straighten	0
ruler.fill	straighten	1
scalemass	scale	0
scissors	content_cut	0
shield.fill	shield	1
shield.lefthalf.filled	security	0
shippingbox	package_2	0
shippingbox.fill	package_2	1
slider.horizontal.3	tune	0
slider.horizontal.below.square.filled.and.square	tune	0
snowflake	ac_unit	0
sparkles	auto_awesome	0
square.and.arrow.down	download	0
square.and.arrow.up	ios_share	0
square.and.arrow.up.on.square	ios_share	0
square.and.pencil	edit_square	0
square.fill	square	1
square.grid.2x2	grid_view	0
square.stack.3d.up	stacks	0
star	star	0
star.fill	star	1
star.slash	star	0
stop.fill	stop	1
sun.max	light_mode	0
sun.max.fill	light_mode	1
sunrise	wb_twilight	0
sunrise.fill	wb_twilight	1
sunset	wb_twilight	0
syringe	syringe	0
syringe.fill	syringe	1
tablecells	table	0
tag	sell	0
target	target	0
testtube.2	labs	0
text.alignleft	format_align_left	0
text.book.closed	menu_book	0
text.viewfinder	document_scanner	0
textformat	text_fields	0
thermometer.medium	thermometer	0
timer	timer	0
tornado	cyclone	0
trash	delete	0
trash.fill	delete	1
tray.full	inbox	0
triangle.fill	change_history	1
viewfinder	center_focus_weak	0
wand.and.sparkles	auto_fix_high	0
waveform	graphic_eq	0
waveform.path	graphic_eq	0
waveform.path.ecg	ecg_heart	0
waveform.path.ecg.rectangle	monitor_heart	0
wifi	wifi	0
wineglass	wine_bar	0
wrench.adjustable	build	0
wrench.and.screwdriver	build	0
xmark	close	0
xmark.circle	cancel	0
xmark.circle.fill	cancel	1
